{"cameraMode":{"drawMode":0,"name":"Shaded","section":"Shading Mode"},"sceneLighting":true,"audioPlay":false,"sceneViewState":{"m_AlwaysRefresh":false,"showFog":true,"showSkybox":true,"showFlares":true,"showImageEffects":true,"showParticleSystems":true,"showVisualEffectGraphs":true,"m_FxEnabled":true},"in2DMode":false,"pivot":{"x":-1.362302303314209,"y":-0.04053974151611328,"z":-3.9579858779907228},"rotation":{"x":-0.005846935790032148,"y":0.9753730893135071,"z":-0.2189415693283081,"w":-0.026047829538583757},"size":20.467235565185548,"orthographic":false}